{"train/loss_rpn_cls": 0.12222093343734741, "train/loss_rpn_bbox": 0.08626492321491241, "train/s0.loss_cls": 0.517519474029541, "train/s0.acc": 75.0, "train/s0.loss_bbox": 0.26145288348197937, "train/s0.loss_mask": 0.4748392105102539, "train/s1.loss_cls": 0.26030099391937256, "train/s1.acc": 76.66015625, "train/s1.loss_bbox": 0.18502411246299744, "train/s1.loss_mask": 0.17917977273464203, "train/s2.loss_cls": 0.1295316517353058, "train/s2.acc": 78.80859375, "train/s2.loss_bbox": 0.06713345646858215, "train/s2.loss_mask": 0.10876275599002838, "train/loss": 2.3922300338745117, "learning_rate": 0.00041958399999999997, "momentum": 0.9, "_timestamp": 1658825869, "_runtime": 124, "_step": 53, "_wandb": {"runtime": 127}}