{"train/loss_rpn_cls": 0.6400412917137146, "train/loss_rpn_bbox": 0.24180389940738678, "train/s0.loss_cls": 0.41809970140457153, "train/s0.acc": 82.421875, "train/s0.loss_bbox": 0.13830052316188812, "train/s0.loss_mask": 0.6583089828491211, "train/s1.loss_cls": 0.20684629678726196, "train/s1.acc": 84.033203125, "train/s1.loss_bbox": 0.08715042471885681, "train/s1.loss_mask": 0.29473015666007996, "train/s2.loss_cls": 0.10387762635946274, "train/s2.acc": 85.595703125, "train/s2.loss_bbox": 0.031051859259605408, "train/s2.loss_mask": 0.13819430768489838, "train/loss": 2.958405017852783, "learning_rate": 0.0001718320000000002, "momentum": 0.9, "_timestamp": 1659197998, "_runtime": 51, "_step": 22}