{"train/loss_rpn_cls": 0.24225656688213348, "train/loss_rpn_bbox": 0.18540610671043395, "train/loss_cls": 0.4270466506481171, "train/acc": 80.1171875, "train/loss_bbox": 0.7474101305007934, "train/loss_mask": 0.38006659150123595, "train/loss": 1.9821860313415527, "learning_rate": 0.0064436, "momentum": 0.9, "_timestamp": 1659752405, "_runtime": 116, "_step": 65, "_wandb": {"runtime": 134}}