{"train/loss_rpn_cls": 0.10838571190834045, "train/loss_rpn_bbox": 0.07792992144823074, "train/s0.loss_cls": 0.2838979661464691, "train/s0.acc": 87.353515625, "train/s0.loss_bbox": 0.1902477741241455, "train/s0.loss_mask": 0.27424317598342896, "train/s1.loss_cls": 0.15503765642642975, "train/s1.acc": 86.93551635742188, "train/s1.loss_bbox": 0.17778950929641724, "train/s1.loss_mask": 0.12917083501815796, "train/s2.loss_cls": 0.08431662619113922, "train/s2.acc": 85.58879089355469, "train/s2.loss_bbox": 0.09489773213863373, "train/s2.loss_mask": 0.06048309803009033, "train/loss": 1.6363999843597412, "learning_rate": 4.000000000000001e-05, "momentum": 0.9, "_timestamp": 1659081051, "_runtime": 7567, "_step": 2080, "val/bbox_mAP": 0.331, "val/bbox_mAP_50": 0.531, "val/bbox_mAP_75": 0.364, "val/bbox_mAP_s": 0.212, "val/bbox_mAP_m": 0.352, "val/bbox_mAP_l": 0.438, "val/segm_mAP": 0.315, "val/segm_mAP_50": 0.529, "val/segm_mAP_75": 0.346, "val/segm_mAP_s": 0.193, "val/segm_mAP_m": 0.334, "val/segm_mAP_l": 0.44}