{"train/loss_rpn_cls": 0.04058383032679558, "train/loss_rpn_bbox": 0.061177656054496765, "train/s0.loss_cls": 0.2836849093437195, "train/s0.acc": 87.98828125, "train/s0.loss_bbox": 0.16999658942222595, "train/s0.loss_mask": 0.26687657833099365, "train/s1.loss_cls": 0.1462654173374176, "train/s1.acc": 88.66255187988281, "train/s1.loss_bbox": 0.17043837904930115, "train/s1.loss_mask": 0.12727682292461395, "train/s2.loss_cls": 0.07650946080684662, "train/s2.acc": 87.271728515625, "train/s2.loss_bbox": 0.09025394916534424, "train/s2.loss_mask": 0.05803138017654419, "train/loss": 1.491094946861267, "learning_rate": 4.000000000000001e-05, "momentum": 0.9, "_timestamp": 1658850316, "_runtime": 22612, "_step": 5201, "val/bbox_mAP": 0.411, "val/bbox_mAP_50": 0.661, "val/bbox_mAP_75": 0.444, "val/bbox_mAP_s": 0.31, "val/bbox_mAP_m": 0.429, "val/bbox_mAP_l": 0.509, "val/segm_mAP": 0.389, "val/segm_mAP_50": 0.655, "val/segm_mAP_75": 0.424, "val/segm_mAP_s": 0.261, "val/segm_mAP_m": 0.413, "val/segm_mAP_l": 0.508, "_wandb": {"runtime": 22614}}