{"train/loss_rpn_cls": 0.18627625703811646, "train/loss_rpn_bbox": 0.10917392373085022, "train/s0.loss_cls": 0.37330490350723267, "train/s0.acc": 84.130859375, "train/s0.loss_bbox": 0.23923559486865997, "train/s0.loss_mask": 0.33891361951828003, "train/s1.loss_cls": 0.20254719257354736, "train/s1.acc": 81.13174438476562, "train/s1.loss_bbox": 0.19992122054100037, "train/s1.loss_mask": 0.15075385570526123, "train/s2.loss_cls": 0.11272090673446655, "train/s2.acc": 78.2005615234375, "train/s2.loss_bbox": 0.08452513813972473, "train/s2.loss_mask": 0.06604037433862686, "train/loss": 2.063413143157959, "learning_rate": 0.001034968, "momentum": 0.9, "_timestamp": 1659061631, "_runtime": 195, "_step": 130, "_wandb": {"runtime": 263}}