{"train/loss_rpn_cls": 0.07551409304141998, "train/loss_rpn_bbox": 0.12504726648330688, "train/s0.loss_cls": 0.27892011404037476, "train/s0.acc": 87.20703125, "train/s0.loss_bbox": 0.16764235496520996, "train/s0.loss_mask": 0.2619436979293823, "train/s1.loss_cls": 0.15419813990592957, "train/s1.acc": 86.46934509277344, "train/s1.loss_bbox": 0.1531892716884613, "train/s1.loss_mask": 0.11411446332931519, "train/s2.loss_cls": 0.08060485124588013, "train/s2.acc": 85.69287109375, "train/s2.loss_bbox": 0.09565231204032898, "train/s2.loss_mask": 0.0530090257525444, "train/loss": 1.559835433959961, "learning_rate": 0.0004000000000000001, "momentum": 0.9, "_timestamp": 1659095795, "_runtime": 14116, "_step": 5201, "val/bbox_mAP": 0.339, "val/bbox_mAP_50": 0.506, "val/bbox_mAP_75": 0.383, "val/bbox_mAP_s": 0.225, "val/bbox_mAP_m": 0.358, "val/bbox_mAP_l": 0.446, "val/segm_mAP": 0.318, "val/segm_mAP_50": 0.504, "val/segm_mAP_75": 0.368, "val/segm_mAP_s": 0.197, "val/segm_mAP_m": 0.338, "val/segm_mAP_l": 0.442, "_wandb": {"runtime": 14118}}