{"train/loss_rpn_cls": 0.6939113974571228, "train/loss_rpn_bbox": 0.3236719012260437, "train/loss_cls": 0.6253490269184112, "train/acc": 64.287109375, "train/loss_bbox": 0.03609652984887361, "train/loss_mask": 1.7745126485824585, "train/loss": 3.453541564941406, "learning_rate": 0.00044960000000000003, "momentum": 0.9, "_timestamp": 1659714524, "_runtime": 15, "_step": 5, "_wandb": {"runtime": 24}}