{"train/loss_rpn_cls": 0.1099608764052391, "train/loss_rpn_bbox": 0.08390830457210541, "train/s0.loss_cls": 0.28567007184028625, "train/s0.acc": 89.79054260253906, "train/s0.loss_bbox": 0.737900972366333, "train/s0.loss_mask": 0.3535381555557251, "train/s1.loss_cls": 0.1324111819267273, "train/s1.acc": 88.93911743164062, "train/s1.loss_bbox": 0.1298343688249588, "train/s1.loss_mask": 0.12157785892486572, "train/s2.loss_cls": 0.06839227676391602, "train/s2.acc": 89.63728332519531, "train/s2.loss_bbox": 0.09069033712148666, "train/s2.loss_mask": 0.05790349468588829, "train/loss": 2.171787738800049, "learning_rate": 4.000000000000001e-05, "momentum": 0.9, "_timestamp": 1658773345, "_runtime": 9535, "_step": 2601, "val/bbox_mAP": 0.264, "val/bbox_mAP_50": 0.423, "val/bbox_mAP_75": 0.286, "val/bbox_mAP_s": 0.145, "val/bbox_mAP_m": 0.281, "val/bbox_mAP_l": 0.397, "val/segm_mAP": 0.255, "val/segm_mAP_50": 0.422, "val/segm_mAP_75": 0.283, "val/segm_mAP_s": 0.135, "val/segm_mAP_m": 0.268, "val/segm_mAP_l": 0.399, "_wandb": {"runtime": 9538}}