{"train/loss_rpn_cls": 0.09069467335939407, "train/loss_rpn_bbox": 0.1003032848238945, "train/s0.loss_cls": 0.3168755769729614, "train/s0.acc": 85.205078125, "train/s0.loss_bbox": 0.20972952246665955, "train/s0.loss_mask": 0.3071780502796173, "train/s1.loss_cls": 0.15539319813251495, "train/s1.acc": 86.34984588623047, "train/s1.loss_bbox": 0.17462661862373352, "train/s1.loss_mask": 0.13813401758670807, "train/s2.loss_cls": 0.08203966915607452, "train/s2.acc": 85.03288269042969, "train/s2.loss_bbox": 0.07856681942939758, "train/s2.loss_mask": 0.062064796686172485, "train/loss": 1.7156062126159668, "learning_rate": 4.000000000000001e-05, "momentum": 0.9, "_timestamp": 1659192785, "_runtime": 24456, "_step": 6500, "val/bbox_mAP": 0.333, "val/bbox_mAP_50": 0.53, "val/bbox_mAP_75": 0.364, "val/bbox_mAP_s": 0.214, "val/bbox_mAP_m": 0.353, "val/bbox_mAP_l": 0.443, "val/segm_mAP": 0.316, "val/segm_mAP_50": 0.529, "val/segm_mAP_75": 0.351, "val/segm_mAP_s": 0.193, "val/segm_mAP_m": 0.335, "val/segm_mAP_l": 0.442}