{"train/loss_rpn_cls": 0.05469595938920975, "train/loss_rpn_bbox": 0.11402349323034286, "train/loss_cls": 0.32335814237594607, "train/acc": 86.103515625, "train/loss_bbox": 0.452435165643692, "train/loss_mask": 0.25357402563095094, "train/loss": 1.1980867862701416, "learning_rate": 0.0005000000000000001, "momentum": 0.9, "_timestamp": 1659862740, "_runtime": 110278, "_step": 46950, "val/bbox_mAP": 0.399, "val/bbox_mAP_50": 0.679, "val/bbox_mAP_75": 0.432, "val/bbox_mAP_s": 0.32, "val/bbox_mAP_m": 0.422, "val/bbox_mAP_l": 0.477, "val/segm_mAP": 0.387, "val/segm_mAP_50": 0.677, "val/segm_mAP_75": 0.422, "val/segm_mAP_s": 0.279, "val/segm_mAP_m": 0.413, "val/segm_mAP_l": 0.49, "_wandb": {"runtime": 110279}}