{"train/loss_rpn_cls": 0.33930931985378265, "train/loss_rpn_bbox": 0.15699975192546844, "train/s0.loss_cls": 0.6229736804962158, "train/s0.acc": 74.951171875, "train/s0.loss_bbox": 0.33452968299388885, "train/s0.loss_mask": 0.710602730512619, "train/s1.loss_cls": 0.3086995631456375, "train/s1.acc": 74.9267578125, "train/s1.loss_bbox": 0.22585298120975494, "train/s1.loss_mask": 0.386943519115448, "train/s2.loss_cls": 0.1572275459766388, "train/s2.acc": 78.125, "train/s2.loss_bbox": 0.08495406061410904, "train/s2.loss_mask": 0.15966247767210007, "train/loss": 3.487755060195923, "learning_rate": 5.894200000000005e-05, "momentum": 0.9, "_timestamp": 1658218924, "_runtime": 38, "_step": 30}