{"train/loss_rpn_cls": 0.37792789936065674, "train/loss_rpn_bbox": 0.30782827734947205, "train/s0.loss_cls": 0.42253050208091736, "train/s0.acc": 82.12890625, "train/s0.loss_bbox": 0.23321764171123505, "train/s0.loss_mask": 0.3619050979614258, "train/s1.loss_cls": 0.24498815834522247, "train/s1.acc": 79.0650405883789, "train/s1.loss_bbox": 0.1943798065185547, "train/s1.loss_mask": 0.16530455648899078, "train/s2.loss_cls": 0.13046608865261078, "train/s2.acc": 75.22654724121094, "train/s2.loss_bbox": 0.08593574911355972, "train/s2.loss_mask": 0.07668870687484741, "train/loss": 2.60117244720459, "learning_rate": 0.00339664, "momentum": 0.9, "_timestamp": 1659081633, "_runtime": 51, "_step": 43, "_wandb": {"runtime": 57}}