{"train/loss_rpn_cls": 0.43494534492492676, "train/loss_rpn_bbox": 0.1597391664981842, "train/s0.loss_cls": 0.5690635442733765, "train/s0.acc": 75.0, "train/s0.loss_bbox": 0.31477364897727966, "train/s0.loss_mask": 0.6633119583129883, "train/s1.loss_cls": 0.28582489490509033, "train/s1.acc": 76.07421875, "train/s1.loss_bbox": 0.2379801869392395, "train/s1.loss_mask": 0.31390517950057983, "train/s2.loss_cls": 0.14329445362091064, "train/s2.acc": 79.00390625, "train/s2.loss_bbox": 0.09207125753164291, "train/s2.loss_mask": 0.15274615585803986, "train/loss": 3.3676557540893555, "learning_rate": 0.0002038000000000002, "momentum": 0.9, "_timestamp": 1659061766, "_runtime": 45, "_step": 26}