{"train/loss_rpn_cls": 0.04798525907099247, "train/loss_rpn_bbox": 0.15596960484981537, "train/loss_cls": 0.3209966361522675, "train/acc": 86.396484375, "train/loss_bbox": 0.532272732257843, "train/loss_mask": 0.24812894761562349, "train/loss": 1.3053531646728516, "learning_rate": 0.0005000000000000001, "momentum": 0.9, "_timestamp": 1659751163, "_runtime": 35952, "_step": 26000, "val/bbox_mAP": 0.243, "val/bbox_mAP_50": 0.46, "val/bbox_mAP_75": 0.239, "val/bbox_mAP_s": 0.144, "val/bbox_mAP_m": 0.293, "val/bbox_mAP_l": 0.321, "val/segm_mAP": 0.254, "val/segm_mAP_50": 0.473, "val/segm_mAP_75": 0.255, "val/segm_mAP_s": 0.128, "val/segm_mAP_m": 0.284, "val/segm_mAP_l": 0.371, "_wandb": {"runtime": 35960}}