{"train/loss_rpn_cls": 0.17871415615081787, "train/loss_rpn_bbox": 0.10146038234233856, "train/s0.loss_cls": 0.3888322710990906, "train/s0.acc": 83.349609375, "train/s0.loss_bbox": 0.23464028537273407, "train/s0.loss_mask": 0.3201362192630768, "train/s1.loss_cls": 0.1986856311559677, "train/s1.acc": 82.37615966796875, "train/s1.loss_bbox": 0.21782037615776062, "train/s1.loss_mask": 0.1505623161792755, "train/s2.loss_cls": 0.11414229869842529, "train/s2.acc": 78.10816192626953, "train/s2.loss_bbox": 0.08551515638828278, "train/s2.loss_mask": 0.0648903176188469, "train/loss": 2.0553994178771973, "learning_rate": 0.001034968, "momentum": 0.9, "_timestamp": 1659168260, "_runtime": 190, "_step": 130, "_wandb": {"runtime": 221}}