{"train/loss_rpn_cls": 0.09572353959083557, "train/loss_rpn_bbox": 0.07769972085952759, "train/s0.loss_cls": 0.30594658851623535, "train/s0.acc": 85.83984375, "train/s0.loss_bbox": 0.18035943806171417, "train/s0.loss_mask": 0.2945179343223572, "train/s1.loss_cls": 0.16140028834342957, "train/s1.acc": 85.66618347167969, "train/s1.loss_bbox": 0.16080579161643982, "train/s1.loss_mask": 0.12296460568904877, "train/s2.loss_cls": 0.08861888200044632, "train/s2.acc": 85.68574523925781, "train/s2.loss_bbox": 0.07846660166978836, "train/s2.loss_mask": 0.06188327074050903, "train/loss": 1.6283867359161377, "learning_rate": 0.004, "momentum": 0.9, "_timestamp": 1659071697, "_runtime": 2493, "_step": 571, "val/bbox_mAP": 0.383, "val/bbox_mAP_50": 0.641, "val/bbox_mAP_75": 0.402, "val/bbox_mAP_s": 0.295, "val/bbox_mAP_m": 0.406, "val/bbox_mAP_l": 0.442, "val/segm_mAP": 0.363, "val/segm_mAP_50": 0.639, "val/segm_mAP_75": 0.386, "val/segm_mAP_s": 0.247, "val/segm_mAP_m": 0.391, "val/segm_mAP_l": 0.448, "_wandb": {"runtime": 2495}}