{"train/loss_rpn_cls": 0.310814768075943, "train/loss_rpn_bbox": 0.14014725387096405, "train/s0.loss_cls": 0.49725496768951416, "train/s0.acc": 75.0, "train/s0.loss_bbox": 0.3001370131969452, "train/s0.loss_mask": 0.515480637550354, "train/s1.loss_cls": 0.2703009247779846, "train/s1.acc": 75.0, "train/s1.loss_bbox": 0.20786024630069733, "train/s1.loss_mask": 0.21149632334709167, "train/s2.loss_cls": 0.1335354447364807, "train/s2.acc": 77.24609375, "train/s2.loss_bbox": 0.08661632239818573, "train/s2.loss_mask": 0.11972526460886002, "train/loss": 2.7933690547943115, "learning_rate": 0.00041159199999999974, "momentum": 0.9, "_timestamp": 1659081404, "_runtime": 82, "_step": 52}