{"train/loss_rpn_cls": 0.10512198507785797, "train/loss_rpn_bbox": 0.08060047030448914, "train/s0.loss_cls": 0.30648985505104065, "train/s0.acc": 87.59765625, "train/s0.loss_bbox": 0.11149190366268158, "train/s0.loss_mask": 0.24802955985069275, "train/s1.loss_cls": 0.16236409544944763, "train/s1.acc": 87.46641540527344, "train/s1.loss_bbox": 0.12413781881332397, "train/s1.loss_mask": 0.11173979192972183, "train/s2.loss_cls": 0.08929373323917389, "train/s2.acc": 86.00187683105469, "train/s2.loss_bbox": 0.04992255941033363, "train/s2.loss_mask": 0.052788086235523224, "train/loss": 1.4419798851013184, "learning_rate": 4.000000000000001e-05, "momentum": 0.9, "_timestamp": 1658813226, "_runtime": 11138, "_step": 2601, "val/bbox_mAP": 0.377, "val/bbox_mAP_50": 0.612, "val/bbox_mAP_75": 0.403, "val/bbox_mAP_s": 0.254, "val/bbox_mAP_m": 0.408, "val/bbox_mAP_l": 0.454, "val/segm_mAP": 0.357, "val/segm_mAP_50": 0.617, "val/segm_mAP_75": 0.379, "val/segm_mAP_s": 0.225, "val/segm_mAP_m": 0.384, "val/segm_mAP_l": 0.457, "_wandb": {"runtime": 11140}}