{"train/loss_rpn_cls": 0.07967433333396912, "train/loss_rpn_bbox": 0.07497929036617279, "train/s0.loss_cls": 0.28770560026168823, "train/s0.acc": 88.28125, "train/s0.loss_bbox": 0.15813489258289337, "train/s0.loss_mask": 0.26530134677886963, "train/s1.loss_cls": 0.14760372042655945, "train/s1.acc": 87.48176574707031, "train/s1.loss_bbox": 0.15609829127788544, "train/s1.loss_mask": 0.12007136642932892, "train/s2.loss_cls": 0.0800660103559494, "train/s2.acc": 86.86088562011719, "train/s2.loss_bbox": 0.0849442258477211, "train/s2.loss_mask": 0.05728960037231445, "train/loss": 1.5118687152862549, "learning_rate": 4.000000000000001e-05, "momentum": 0.9, "_timestamp": 1658234518, "_runtime": 11348, "_step": 2480, "val/bbox_mAP": 0.386, "val/bbox_mAP_50": 0.638, "val/bbox_mAP_75": 0.407, "val/bbox_mAP_s": 0.249, "val/bbox_mAP_m": 0.419, "val/bbox_mAP_l": 0.486, "val/segm_mAP": 0.366, "val/segm_mAP_50": 0.636, "val/segm_mAP_75": 0.389, "val/segm_mAP_s": 0.227, "val/segm_mAP_m": 0.397, "val/segm_mAP_l": 0.489, "_wandb": {"runtime": 11359}}