{"train/loss_rpn_cls": 1.385604739189148, "train/loss_rpn_bbox": 0.3619846314191818, "train/s0.loss_cls": 0.6802167952060699, "train/s0.acc": 80.3857421875, "train/s0.loss_bbox": 0.1849549561738968, "train/s0.loss_mask": 0.6952271461486816, "train/s1.loss_cls": 0.3435096263885498, "train/s1.acc": 84.169921875, "train/s1.loss_bbox": 0.06367062181234359, "train/s1.loss_mask": 0.3486829936504364, "train/s2.loss_cls": 0.17334789633750916, "train/s2.acc": 46.474609375, "train/s2.loss_bbox": 0.01126473699696362, "train/s2.loss_mask": 0.17164897322654724, "train/loss": 4.420112943649292, "train/grad_norm": 0.8547231912612915, "learning_rate": 9.890199999999994e-05, "momentum": 0.9, "_timestamp": 1657934145, "_runtime": 69, "_step": 50}