{"train/loss_rpn_cls": 0.13624688982963562, "train/loss_rpn_bbox": 0.11229167133569717, "train/s0.loss_cls": 0.3165682256221771, "train/s0.acc": 87.3046875, "train/s0.loss_bbox": 0.17235144972801208, "train/s0.loss_mask": 0.2826080918312073, "train/s1.loss_cls": 0.18501368165016174, "train/s1.acc": 84.70477294921875, "train/s1.loss_bbox": 0.16357138752937317, "train/s1.loss_mask": 0.11944921314716339, "train/s2.loss_cls": 0.09866131842136383, "train/s2.acc": 81.3341293334961, "train/s2.loss_bbox": 0.08319399505853653, "train/s2.loss_mask": 0.059952057898044586, "train/loss": 1.7299081087112427, "learning_rate": 0.002073928, "momentum": 0.9, "_timestamp": 1658827321, "_runtime": 404, "_step": 260, "_wandb": {"runtime": 410}}