{"train/loss_rpn_cls": 0.05728156119585037, "train/loss_rpn_bbox": 0.19009706377983093, "train/s0.loss_cls": 0.40065962076187134, "train/s0.acc": 82.51953125, "train/s0.loss_bbox": 0.3708052635192871, "train/s0.loss_mask": 0.42455288767814636, "train/s1.loss_cls": 0.18344804644584656, "train/s1.acc": 83.84715270996094, "train/s1.loss_bbox": 0.26153919100761414, "train/s1.loss_mask": 0.19291867315769196, "train/s2.loss_cls": 0.07861410081386566, "train/s2.acc": 86.7476577758789, "train/s2.loss_bbox": 0.116923987865448, "train/s2.loss_mask": 0.09032882004976273, "train/loss": 2.367169141769409, "learning_rate": 0.0021378640000000006, "momentum": 0.9, "_timestamp": 1659073160, "_runtime": 473, "_step": 268, "val/bbox_mAP": 0.014, "val/bbox_mAP_50": 0.024, "val/bbox_mAP_75": 0.013, "val/bbox_mAP_s": 0.0, "val/bbox_mAP_m": 0.01, "val/bbox_mAP_l": 0.045, "val/segm_mAP": 0.013, "val/segm_mAP_50": 0.024, "val/segm_mAP_75": 0.013, "val/segm_mAP_s": 0.0, "val/segm_mAP_m": 0.009, "val/segm_mAP_l": 0.042, "_wandb": {"runtime": 474}}