{"train/loss_rpn_cls": 1.0114914178848267, "train/loss_rpn_bbox": 0.3424346596002579, "train/s0.loss_cls": 0.45742255747318267, "train/s0.acc": 78.5009765625, "train/s0.loss_bbox": 0.39247800409793854, "train/s0.loss_mask": 0.5616468846797943, "train/s1.loss_cls": 0.19522546231746674, "train/s1.acc": 84.697265625, "train/s1.loss_bbox": 0.14461567103862763, "train/s1.loss_mask": 0.2608236074447632, "train/s2.loss_cls": 0.08357103988528251, "train/s2.acc": 86.044921875, "train/s2.loss_bbox": 0.02457775752991438, "train/s2.loss_mask": 0.12570209354162215, "train/loss": 3.599989175796509, "train/grad_norm": 2.7201504826545717, "learning_rate": 1.0000000000000003e-05, "momentum": 0.9, "_timestamp": 1657936173, "_runtime": 1883, "_step": 1561, "val/bbox_mAP": 0.007, "val/bbox_mAP_50": 0.022, "val/bbox_mAP_75": 0.0, "val/bbox_mAP_s": 0.001, "val/bbox_mAP_m": 0.009, "val/bbox_mAP_l": 0.02, "val/segm_mAP": 0.004, "val/segm_mAP_50": 0.016, "val/segm_mAP_75": 0.0, "val/segm_mAP_s": 0.001, "val/segm_mAP_m": 0.005, "val/segm_mAP_l": 0.007, "_wandb": {"runtime": 1897}}