{"train/loss_rpn_cls": 0.1305609494447708, "train/loss_rpn_bbox": 0.09944897145032883, "train/s0.loss_cls": 0.34468740224838257, "train/s0.acc": 86.083984375, "train/s0.loss_bbox": 0.2295781672000885, "train/s0.loss_mask": 0.29441821575164795, "train/s1.loss_cls": 0.17540472745895386, "train/s1.acc": 85.16357421875, "train/s1.loss_bbox": 0.19401074945926666, "train/s1.loss_mask": 0.13279199600219727, "train/s2.loss_cls": 0.09095112979412079, "train/s2.acc": 83.12708282470703, "train/s2.loss_bbox": 0.09846514463424683, "train/s2.loss_mask": 0.0621887631714344, "train/loss": 1.852506160736084, "learning_rate": 0.004, "momentum": 0.9, "_timestamp": 1659061194, "_runtime": 3464, "_step": 1040, "val/bbox_mAP": 0.309, "val/bbox_mAP_50": 0.495, "val/bbox_mAP_75": 0.338, "val/bbox_mAP_s": 0.195, "val/bbox_mAP_m": 0.33, "val/bbox_mAP_l": 0.404, "val/segm_mAP": 0.295, "val/segm_mAP_50": 0.494, "val/segm_mAP_75": 0.327, "val/segm_mAP_s": 0.178, "val/segm_mAP_m": 0.314, "val/segm_mAP_l": 0.415, "_wandb": {"runtime": 3635}}