{"train/loss_rpn_cls": 0.12833325564861298, "train/loss_rpn_bbox": 0.0811302438378334, "train/s0.loss_cls": 0.3317975401878357, "train/s0.acc": 84.814453125, "train/s0.loss_bbox": 0.2284686267375946, "train/s0.loss_mask": 0.29167282581329346, "train/s1.loss_cls": 0.18404075503349304, "train/s1.acc": 82.19534301757812, "train/s1.loss_bbox": 0.21886372566223145, "train/s1.loss_mask": 0.1353457272052765, "train/s2.loss_cls": 0.09970427304506302, "train/s2.acc": 79.87547302246094, "train/s2.loss_bbox": 0.11125210672616959, "train/s2.loss_mask": 0.06353332102298737, "train/loss": 1.8741424083709717, "learning_rate": 0.0001, "momentum": 0.9, "_timestamp": 1658222880, "_runtime": 3782, "_step": 1317, "val/bbox_mAP": 0.388, "val/bbox_mAP_50": 0.652, "val/bbox_mAP_75": 0.409, "val/bbox_mAP_s": 0.281, "val/bbox_mAP_m": 0.411, "val/bbox_mAP_l": 0.473, "val/segm_mAP": 0.364, "val/segm_mAP_50": 0.642, "val/segm_mAP_75": 0.381, "val/segm_mAP_s": 0.235, "val/segm_mAP_m": 0.387, "val/segm_mAP_l": 0.478, "_wandb": {"runtime": 3789}}