{"train/loss_rpn_cls": 0.06576360762119293, "train/loss_rpn_bbox": 0.09162116795778275, "train/s0.loss_cls": 0.3253588080406189, "train/s0.acc": 85.693359375, "train/s0.loss_bbox": 0.2238278090953827, "train/s0.loss_mask": 0.33327752351760864, "train/s1.loss_cls": 0.1819896101951599, "train/s1.acc": 83.02922821044922, "train/s1.loss_bbox": 0.1977895200252533, "train/s1.loss_mask": 0.1412360817193985, "train/s2.loss_cls": 0.09496526420116425, "train/s2.acc": 83.32255554199219, "train/s2.loss_bbox": 0.09340016543865204, "train/s2.loss_mask": 0.06637749075889587, "train/loss": 1.8156070709228516, "learning_rate": 1.0000000000000003e-05, "momentum": 0.9, "_timestamp": 1659238242, "_runtime": 40186, "_step": 6501, "val/bbox_mAP": 0.388, "val/bbox_mAP_50": 0.646, "val/bbox_mAP_75": 0.413, "val/bbox_mAP_s": 0.312, "val/bbox_mAP_m": 0.406, "val/bbox_mAP_l": 0.453, "val/segm_mAP": 0.367, "val/segm_mAP_50": 0.645, "val/segm_mAP_75": 0.39, "val/segm_mAP_s": 0.26, "val/segm_mAP_m": 0.389, "val/segm_mAP_l": 0.454, "_wandb": {"runtime": 40188}}