{"train/loss_rpn_cls": 0.08872872591018677, "train/loss_rpn_bbox": 0.07603128254413605, "train/s0.loss_cls": 0.33306944370269775, "train/s0.acc": 85.64453125, "train/s0.loss_bbox": 0.220326229929924, "train/s0.loss_mask": 0.27942049503326416, "train/s1.loss_cls": 0.18715330958366394, "train/s1.acc": 83.14057922363281, "train/s1.loss_bbox": 0.15363933145999908, "train/s1.loss_mask": 0.13076314330101013, "train/s2.loss_cls": 0.10125380754470825, "train/s2.acc": 82.04117584228516, "train/s2.loss_bbox": 0.08105205744504929, "train/s2.loss_mask": 0.0627252385020256, "train/loss": 1.714163064956665, "learning_rate": 0.002073928, "momentum": 0.9, "_timestamp": 1658826543, "_runtime": 538, "_step": 260, "_wandb": {"runtime": 543}}